model_key,policy_name,budget_fraction,num_evaluations,mean_logit_l2,mean_kl,mean_top1_agreement,mean_token_fraction,mean_budget_token_fraction,mean_retained_turn_fraction,mean_kept_segments,mean_compressed_segments,mean_evicted_segments
qwen25_05b,geometry,0.20,36,334.0519663492839,9.194268045255151e-06,1.0,0.5407903123478023,0.34964483082854414,0.5083333333333333,0.0,0.0,0.0
qwen25_05b,geometry,0.35,36,275.0846339331733,1.0413480922523268e-05,1.0,0.6399794651928841,0.46102410150690887,0.6225529100529101,0.0,0.0,0.0
qwen25_05b,geometry,0.50,36,259.98235596550836,7.280045242203443e-06,1.0,0.7297372758031151,0.5618183426656305,0.7160714285714287,0.0,0.0,0.0
qwen25_05b,geometry_lexical,0.20,36,338.5654716491699,9.34975604896218e-06,1.0,0.5394532525671903,0.34818118943952964,0.5083333333333333,0.0,0.0,0.0
qwen25_05b,geometry_lexical,0.35,36,298.1142972310384,1.0278100244447912e-05,1.0,0.6278114967152065,0.44716316958410535,0.636441798941799,0.0,0.0,0.0
qwen25_05b,geometry_lexical,0.50,36,283.69715775383844,9.172616711424405e-06,1.0,0.7207822031219684,0.5518521484786789,0.7160714285714287,0.0,0.0,0.0
qwen25_05b,geometry_segment_actions,0.20,36,332.14058727688257,8.841792944099444e-06,1.0,0.5422557518977001,0.3512768393610168,0.5083333333333333,0.25,0.5,1.25
qwen25_05b,geometry_segment_actions,0.35,36,275.4724879794651,1.0227462354912071e-05,1.0,0.6471246377825134,0.4687318113919445,0.636441798941799,0.4444444444444444,1.0,0.5555555555555556
qwen25_05b,geometry_segment_actions,0.50,36,203.64779451158313,6.77344778804434e-06,1.0,0.7270710936570288,0.5590255438335631,0.7160714285714287,0.8055555555555556,0.8055555555555556,0.3888888888888889
qwen25_05b,lexical,0.20,36,370.8703787061903,9.541414545048236e-06,1.0,0.5416811953896751,0.35083614347887626,0.5083333333333333,0.0,0.0,0.0
qwen25_05b,lexical,0.35,36,340.59598541259766,1.0443274154065602e-05,1.0,0.6273138499668872,0.4467579548401889,0.632473544973545,0.0,0.0,0.0
qwen25_05b,lexical,0.50,36,296.95592943827313,8.15576941301213e-06,1.0,0.7164990647122368,0.5470527407243932,0.7160714285714287,0.0,0.0,0.0
qwen25_05b,uniform,0.20,36,399.70630645751953,9.954722457831503e-06,1.0,0.5472185118758299,0.35736947587020307,0.5083333333333333,0.0,0.0,0.0
qwen25_05b,uniform,0.35,36,374.5880716111925,1.1058762700910663e-05,1.0,0.6320212559640761,0.4637102246405824,0.6245370370370371,0.0,0.0,0.0
qwen25_05b,uniform,0.50,36,301.6506298912896,8.348308530550489e-06,1.0,0.6795395882075211,0.5798055090215349,0.6384259259259261,0.0,0.0,0.0
qwen25_05b,uniform_segment_actions,0.20,36,333.01506932576496,9.038570510390266e-06,1.0,0.5434184780604263,0.3525573271658948,0.5083333333333333,0.25,0.5,1.25
qwen25_05b,uniform_segment_actions,0.35,36,277.4733000861274,1.0257564719957153e-05,1.0,0.6482856102976527,0.4700639142484375,0.636441798941799,0.4444444444444444,1.0,0.5555555555555556
qwen25_05b,uniform_segment_actions,0.50,36,247.2713542514377,9.847486346661575e-06,1.0,0.7058880869120127,0.5352797906357867,0.7160714285714287,0.5,1.4166666666666667,0.08333333333333333
qwen25_15b,geometry,0.20,36,353.25332832336426,1.3273278391111463e-05,1.0,0.5402481384776832,0.3490582802168068,0.5083333333333333,0.0,0.0,0.0
qwen25_15b,geometry,0.35,36,313.1637068854438,1.1034155786453997e-05,1.0,0.638145571777918,0.45887655249198045,0.6225529100529101,0.0,0.0,0.0
qwen25_15b,geometry,0.50,36,263.1157743665907,1.037059397061372e-05,1.0,0.7258094732136554,0.5574933813614714,0.7160714285714287,0.0,0.0,0.0
qwen25_15b,geometry_lexical,0.20,36,356.3136102888319,1.3032389422289952e-05,1.0,0.539627955572082,0.3483727603207557,0.5083333333333333,0.0,0.0,0.0
qwen25_15b,geometry_lexical,0.35,36,329.92501068115234,1.2147767972968558e-05,1.0,0.6292301625183377,0.4490005426040946,0.6318121693121693,0.0,0.0,0.0
qwen25_15b,geometry_lexical,0.50,36,263.3185649447971,1.0385410692568017e-05,1.0,0.7211377865864885,0.5522118629285662,0.7160714285714287,0.0,0.0,0.0
qwen25_15b,geometry_segment_actions,0.20,36,346.82213486565485,1.3030592871826001e-05,1.0,0.5422557518977001,0.3512768393610168,0.5083333333333333,0.25,0.5,1.25
qwen25_15b,geometry_segment_actions,0.35,36,310.9247220357259,1.3596397123659552e-05,1.0,0.6459535781252153,0.46734421931807785,0.636441798941799,0.4444444444444444,1.0,0.5555555555555556
qwen25_15b,geometry_segment_actions,0.50,36,266.2849947611491,9.549852350208061e-06,1.0,0.7270710936570288,0.5590255438335631,0.7160714285714287,0.8611111111111112,0.6944444444444444,0.4444444444444444
qwen25_15b,lexical,0.20,36,368.0341125064426,1.3033032101878512e-05,1.0,0.5416811953896751,0.35083614347887626,0.5083333333333333,0.0,0.0,0.0
qwen25_15b,lexical,0.35,36,341.0856975979275,1.3130424631135895e-05,1.0,0.6273138499668872,0.4467579548401889,0.632473544973545,0.0,0.0,0.0
qwen25_15b,lexical,0.50,36,262.70180257161456,1.0000217693010973e-05,1.0,0.7164990647122368,0.5470527407243932,0.7160714285714287,0.0,0.0,0.0
qwen25_15b,uniform,0.20,36,386.8999563852946,1.2902200206129274e-05,1.0,0.5472185118758299,0.35736947587020307,0.5083333333333333,0.0,0.0,0.0
qwen25_15b,uniform,0.35,36,334.8328386942546,1.220829357932872e-05,1.0,0.6320212559640761,0.4637102246405824,0.6245370370370371,0.0,0.0,0.0
qwen25_15b,uniform,0.50,36,264.8650737338596,1.1446203947179964e-05,1.0,0.6795395882075211,0.5798055090215349,0.6384259259259261,0.0,0.0,0.0
qwen25_15b,uniform_segment_actions,0.20,36,347.25190289815265,1.2788319854178325e-05,1.0,0.5434184780604263,0.3525573271658948,0.5083333333333333,0.25,0.5,1.25
qwen25_15b,uniform_segment_actions,0.35,36,313.6040102640788,1.3710703912483968e-05,1.0,0.6482856102976527,0.4700639142484375,0.636441798941799,0.4444444444444444,1.0,0.5555555555555556
qwen25_15b,uniform_segment_actions,0.50,36,288.1788109673394,1.2095318317474778e-05,1.0,0.7058880869120127,0.5352797906357867,0.7160714285714287,0.5,1.4166666666666667,0.08333333333333333
smollm2_17b,geometry,0.20,36,228.7194798787435,0.11222130808437687,0.8055555555555556,0.5489805054916581,0.3634081305324768,0.5083333333333333,0.0,0.0,0.0
smollm2_17b,geometry,0.35,36,204.49679819742838,0.04655520095562101,0.8888888888888888,0.6252717721214301,0.449376392003505,0.6255291005291006,0.0,0.0,0.0
smollm2_17b,geometry,0.50,36,174.80376370747885,0.028890068872172096,0.8888888888888888,0.7052011022606882,0.5402047997210065,0.7105158730158732,0.0,0.0,0.0
smollm2_17b,geometry_lexical,0.20,36,227.4433881971571,0.09889752713046107,0.8055555555555556,0.5456097241937782,0.3596829747568132,0.5083333333333333,0.0,0.0,0.0
smollm2_17b,geometry_lexical,0.35,36,208.17140028211804,0.06925902534286937,0.8611111111111112,0.6241186982586477,0.447903329455649,0.6255291005291006,0.0,0.0,0.0
smollm2_17b,geometry_lexical,0.50,36,179.92705239189996,0.0460392228697803,0.8333333333333334,0.7042148391512174,0.5389791979322066,0.7105158730158732,0.0,0.0,0.0
smollm2_17b,geometry_segment_actions,0.20,36,228.7194798787435,0.11222130808437687,0.8055555555555556,0.5489805054916581,0.3634081305324768,0.5083333333333333,0.1111111111111111,0.6388888888888888,1.25
smollm2_17b,geometry_segment_actions,0.35,36,196.13708368937174,0.04443488801203207,0.8888888888888888,0.6380695496980873,0.46382643689256486,0.6255291005291006,0.4444444444444444,0.8888888888888888,0.6666666666666666
smollm2_17b,geometry_segment_actions,0.50,36,169.3716572655572,0.04638781539319541,0.8611111111111112,0.7207997583458938,0.5605428803167188,0.7105158730158732,0.7777777777777778,0.75,0.4722222222222222
smollm2_17b,lexical,0.20,36,229.30675972832574,0.1025605483969056,0.8055555555555556,0.5453664493187815,0.35933210031690505,0.5083333333333333,0.0,0.0,0.0
smollm2_17b,lexical,0.35,36,206.56517283121744,0.0676507631051627,0.8888888888888888,0.6282549162828327,0.4527267868101528,0.6255291005291006,0.0,0.0,0.0
smollm2_17b,lexical,0.50,36,186.49926122029623,0.054771122729013105,0.8055555555555556,0.716063660830076,0.5522008331327664,0.7105158730158732,0.0,0.0,0.0
smollm2_17b,uniform,0.20,36,232.82493803236218,0.0991580388878014,0.75,0.5522788327654736,0.36750065578587,0.5083333333333333,0.0,0.0,0.0
smollm2_17b,uniform,0.35,36,215.82577599419488,0.10105844203840064,0.8055555555555556,0.6325354104551663,0.4713229127696843,0.6136243386243386,0.0,0.0,0.0
smollm2_17b,uniform,0.50,36,194.580142127143,0.08263966501620562,0.8055555555555556,0.6823375096330118,0.5842817570588726,0.64239417989418,0.0,0.0,0.0
smollm2_17b,uniform_segment_actions,0.20,36,219.82437049018012,0.09049398082162302,0.8333333333333334,0.5465466646642263,0.360282775093193,0.5083333333333333,0.2222222222222222,0.5277777777777778,1.25
smollm2_17b,uniform_segment_actions,0.35,36,192.75423685709634,0.046927991860541515,0.8611111111111112,0.6482424739226313,0.4750377249996205,0.6255291005291006,0.4722222222222222,0.9166666666666666,0.6111111111111112
smollm2_17b,uniform_segment_actions,0.50,36,176.7740584479438,0.03543542896797705,0.8333333333333334,0.7081661367354791,0.5434268569466354,0.7105158730158732,0.5,1.3888888888888888,0.1111111111111111
